../dataset/ears/diseased/hiren/20190908_114441.jpg,3,60,12,2308,4076
../dataset/ears/diseased/hiren/20190908_114602.jpg,3,187,461,1907,4076
../dataset/ears/diseased/hiren/20190908_114621.jpg,3,608,1399,2278,3041
../dataset/ears/diseased/hiren/20190908_114820.jpg,3,51,432,1311,3441
../dataset/ears/diseased/hiren/20190908_114902.jpg,3,813,823,1985,3480
../dataset/ears/diseased/hiren/20190908_114959.jpg,3,705,764,2210,3715
../dataset/ears/diseased/hiren/20190908_115106.jpg,3,813,432,1712,3715
../dataset/ears/diseased/hiren/20190908_115133.jpg,3,324,1233,2132,3197
../dataset/ears/diseased/hiren/20190908_115202.jpg,3,461,90,1585,4027
../dataset/ears/diseased/hiren/20190908_115331.jpg,3,51,44,3510,2242
../dataset/ears/diseased/hiren/20190908_115416.jpg,3,99,559,2063,3725
../dataset/ears/diseased/hiren/20190908_115426.jpg,3,295,744,1888,4076
../dataset/ears/diseased/hiren/20190908_115501.jpg,3,60,31,2308,4115
../dataset/ears/diseased/hiren/20190908_115531.jpg,3,139,510,2278,3949
../dataset/ears/diseased/hiren/20190908_115540.jpg,3,197,51,1985,4066
../dataset/ears/diseased/hiren/20190908_115614.jpg,3,99,80,2132,4057
../dataset/ears/diseased/hiren/20190908_115705.jpg,3,305,12,2298,4047
../dataset/ears/diseased/hiren/20190908_115744.jpg,3,324,315,1975,4086
../dataset/ears/diseased/hiren/20190908_115827.jpg,3,119,51,2317,4008
../dataset/ears/diseased/hiren/20190908_115840.jpg,3,41,21,2259,4066
../dataset/ears/diseased/hiren/20190908_115905.jpg,3,510,803,1927,4037
../dataset/ears/diseased/hiren/20190908_115942.jpg,3,109,80,2298,3988
../dataset/ears/diseased/hiren/20190908_120004.jpg,3,80,31,2317,4027
../dataset/ears/diseased/hiren/20190908_120208.jpg,3,41,236,2288,4086
../dataset/ears/diseased/hiren/20190908_120249.jpg,3,51,31,2298,4115
../dataset/ears/diseased/hiren/20190908_120316.jpg,3,41,31,2308,4115
../dataset/ears/diseased/hiren/20190908_120339.jpg,3,344,21,2298,4066
../dataset/ears/diseased/hiren/20190908_120410.jpg,3,422,129,2102,4057
../dataset/ears/diseased/hiren/20190908_120426.jpg,3,1018,500,2308,3588
../dataset/ears/diseased/hiren/20190908_120500.jpg,3,354,268,3734,2310
../dataset/ears/diseased/hiren/20190908_120519.jpg,3,568,637,2142,4037
../dataset/ears/diseased/hiren/20190908_120551.jpg,3,461,139,2298,3939
../dataset/ears/diseased/hiren/20190908_120752.jpg,3,451,168,2063,3685
../dataset/ears/diseased/hiren/20190908_120833.jpg,3,666,129,1888,3891
../dataset/ears/diseased/hiren/20190908_120851.jpg,3,41,12,2298,4076
../dataset/ears/diseased/hiren/20190908_120912.jpg,3,168,696,1868,4086
../dataset/ears/diseased/hiren/20190908_120953.jpg,3,266,90,2073,4066
../dataset/ears/diseased/hiren/20190908_121011.jpg,3,529,578,2249,4076
../dataset/ears/diseased/hiren/20190908_121031.jpg,3,226,354,1975,3822
../dataset/ears/diseased/hiren/20190908_121101.jpg,3,60,324,2142,4066
../dataset/ears/diseased/hiren/20190908_121204.jpg,3,373,41,1966,4125
../dataset/ears/diseased/hiren/20190908_121228.jpg,3,226,451,2269,3852
../dataset/ears/diseased/hiren/20190908_121244.jpg,3,451,41,2308,4086
../dataset/ears/diseased/hiren/20190908_121258.jpg,3,412,412,2083,4076
../dataset/ears/diseased/hiren/20190908_121346.jpg,3,187,70,2288,4027
../dataset/ears/diseased/hiren/20190908_121442.jpg,3,21,41,2034,4076
../dataset/ears/diseased/manan/20190908_104237.jpg,3,667,995,1917,3705
../dataset/ears/diseased/manan/20190908_104247.jpg,3,761,1166,3327,2156
../dataset/ears/diseased/manan/20190908_104405.jpg,3,953,1021,2321,4096
../dataset/ears/diseased/manan/20190908_104409.jpg,3,1123,396,2087,3497
../dataset/ears/diseased/manan/20190908_104415(0).jpg,3,849,591,2217,3731
../dataset/ears/diseased/manan/20190908_104415.jpg,3,875,591,2230,3510
../dataset/ears/diseased/manan/20190908_104555_001.jpg,3,575,982,1930,3796
../dataset/ears/diseased/manan/20190908_104606.jpg,3,237,1178,1605,3653
../dataset/ears/diseased/manan/20190908_104608.jpg,3,549,422,2113,3783
../dataset/ears/diseased/manan/20190908_104824.jpg,3,862,1438,1748,3575
../dataset/ears/diseased/manan/20190908_104833.jpg,3,797,1308,1813,3470
../dataset/ears/diseased/manan/20190908_105111.jpg,3,706,748,2139,3757
../dataset/ears/diseased/manan/20190908_105116.jpg,3,1266,683,2530,3809
../dataset/ears/diseased/manan/20190908_105151.jpg,3,302,1204,1526,3549
../dataset/ears/diseased/manan/20190908_105152.jpg,3,719,826,2334,4044
../dataset/ears/diseased/manan/20190908_105201.jpg,3,706,761,2074,3562
../dataset/ears/diseased/manan/20190908_105203.jpg,3,1018,839,2191,3171
../dataset/ears/diseased/manan/20190908_105234.jpg,3,680,526,2412,4018
../dataset/ears/diseased/manan/20190908_105235.jpg,3,966,630,2503,3979
../dataset/ears/diseased/manan/20190908_105242.jpg,3,680,279,2269,4018
../dataset/ears/diseased/manan/20190908_105357.jpg,3,628,1073,2074,3627
../dataset/ears/diseased/manan/20190908_105359.jpg,3,1201,1086,2738,3588
../dataset/ears/diseased/manan/20190908_105410.jpg,3,732,500,1839,3210
../dataset/ears/diseased/manan/20190908_105414.jpg,3,1083,982,2503,3470
../dataset/ears/diseased/manan/20190908_105416.jpg,3,758,891,1995,3744
../dataset/ears/diseased/manan/20190908_105419.jpg,3,706,1412,2230,3653
../dataset/ears/diseased/manan/20190908_105422.jpg,3,588,1295,1969,3223
../dataset/ears/diseased/manan/20190908_105503.jpg,3,601,1099,2269,3470
../dataset/ears/diseased/manan/20190908_105513.jpg,3,419,578,2347,3692
../dataset/ears/diseased/manan/20190908_105514.jpg,3,810,696,2699,3679
../dataset/ears/diseased/manan/20190908_105540.jpg,3,943,137,3705,2052
../dataset/ears/diseased/manan/20190908_105629.jpg,3,1438,579,3510,1570
../dataset/ears/diseased/manan/20190908_105636.jpg,3,1097,1555,2034,3783
../dataset/ears/diseased/manan/20190908_105822.jpg,3,1318,500,2451,3952
../dataset/ears/diseased/manan/20190908_105830.jpg,3,745,761,1930,3588
../dataset/ears/diseased/manan/20190908_105946.jpg,3,276,761,1774,3874
../dataset/ears/diseased/manan/20190908_105949.jpg,3,771,917,2100,3601
../dataset/ears/diseased/manan/20190908_110055.jpg,3,1083,1399,1839,3952
../dataset/ears/diseased/manan/20190908_110057.jpg,3,667,1386,1917,3913
../dataset/ears/diseased/manan/20190908_110107.jpg,3,1047,1218,3731,2442
../dataset/ears/diseased/manan/20190908_110112.jpg,3,719,683,2230,3679
../dataset/ears/diseased/manan/20190908_110115.jpg,3,1399,892,3848,1999
../dataset/ears/diseased/manan/20190908_110125.jpg,3,1044,461,2243,3757
../dataset/ears/diseased/manan/20190908_110304.jpg,3,745,1047,1696,3679
../dataset/ears/diseased/manan/20190908_110402.jpg,3,719,1282,2100,3549
../dataset/ears/diseased/manan/20190908_110404.jpg,3,445,1855,1761,4005
../dataset/ears/diseased/manan/20190908_110406.jpg,3,211,982,2061,4044
../dataset/ears/diseased/manan/20190908_110412.jpg,3,719,487,2412,3861
../dataset/ears/diseased/manan/20190908_110419.jpg,3,810,735,2425,4070
../dataset/ears/diseased/manan/20190908_110426.jpg,3,549,1086,2074,3705
../dataset/ears/diseased/manan/20190908_110429.jpg,3,823,1178,2451,3770
../dataset/ears/diseased/manan/20190908_110530.jpg,3,693,1868,1709,3575
../dataset/ears/diseased/manan/20190908_110532.jpg,3,1070,1764,2021,3210
../dataset/ears/diseased/manan/20190908_110742.jpg,3,1083,1829,1579,2767
../dataset/ears/diseased/manan/20190908_110743.jpg,3,1201,1854,1696,2883
../dataset/ears/diseased/manan/20190908_111604.jpg,3,966,1608,1969,3588
../dataset/ears/diseased/manan/20190908_111605.jpg,3,992,1386,1852,3366
../dataset/ears/diseased/manan/20190908_111635.jpg,3,992,1191,2673,3679
../dataset/ears/diseased/manan/20190908_111637.jpg,3,523,1060,2360,3822
../dataset/ears/diseased/manan/20190908_111647.jpg,3,1204,801,3223,2260
../dataset/ears/diseased/manan/20190908_111724.jpg,3,1670,722,3077,4018
../dataset/ears/diseased/manan/20190908_111728.jpg,3,797,552,2477,3431
../dataset/ears/diseased/manan/20190908_111754.jpg,3,706,31,2165,3653
../dataset/ears/diseased/manan/20190908_111759.jpg,3,1448,1360,2464,3731
../dataset/ears/healthy/hiren/20190907_131633.jpg,2,852,227,1692,3617
../dataset/ears/healthy/hiren/20190907_131712.jpg,2,940,109,1663,4086
../dataset/ears/healthy/hiren/20190907_131729.jpg,2,842,100,1555,4106
../dataset/ears/healthy/hiren/20190907_131750.jpg,2,891,168,1692,4018
../dataset/ears/healthy/hiren/20190907_131814.jpg,2,813,21,1536,4027
../dataset/ears/healthy/hiren/20190907_131828.jpg,2,656,168,1702,4125
../dataset/ears/healthy/hiren/20190907_131856.jpg,2,813,354,1682,3949
../dataset/ears/healthy/hiren/20190907_131913.jpg,2,656,315,1546,4047
../dataset/ears/healthy/hiren/20190907_131925.jpg,2,852,158,1848,4076
../dataset/ears/healthy/hiren/20190907_132006.jpg,2,559,12,1467,4106
../dataset/ears/healthy/hiren/20190907_132022.jpg,2,754,61,1526,4115
../dataset/ears/healthy/hiren/20190907_132035.jpg,2,793,21,1731,3881
../dataset/ears/healthy/hiren/20190907_132048.jpg,2,715,70,1692,4096
../dataset/ears/healthy/hiren/20190907_132100.jpg,2,881,227,1790,3842
../dataset/ears/healthy/hiren/20190907_132115.jpg,2,823,80,1975,4115
../dataset/ears/healthy/hiren/20190907_132206.jpg,2,686,109,2122,3617
../dataset/ears/healthy/hiren/20190907_132223.jpg,2,695,354,1575,4106
../dataset/ears/healthy/hiren/20190907_132254.jpg,2,871,139,1712,3881
../dataset/ears/healthy/hiren/20190907_132308.jpg,2,627,12,1760,4057
../dataset/ears/healthy/hiren/20190907_132327.jpg,2,354,188,1702,4057
../dataset/ears/healthy/hiren/20190907_132341.jpg,2,578,158,1848,4027
../dataset/ears/healthy/hiren/20190907_132358.jpg,2,881,940,1897,3627
../dataset/ears/healthy/hiren/20190907_132412.jpg,2,774,168,1546,3812
../dataset/ears/healthy/hiren/20190907_132517.jpg,2,666,109,2005,3988
../dataset/ears/healthy/hiren/20190907_132548.jpg,2,725,70,1565,4057
../dataset/ears/healthy/hiren/20190907_132618.jpg,2,744,246,1497,4066
../dataset/ears/healthy/hiren/20190907_132641.jpg,2,295,217,2132,4086
../dataset/ears/healthy/hiren/20190907_132654.jpg,2,490,461,1741,3529
../dataset/ears/healthy/hiren/20190907_132705.jpg,2,588,41,1428,3793
../dataset/ears/healthy/hiren/20190907_132836.jpg,2,627,61,1340,3480
../dataset/ears/healthy/hiren/20190907_132906.jpg,2,764,266,1497,3910
../dataset/ears/healthy/hiren/20190907_132939.jpg,2,998,119,2083,3998
../dataset/ears/healthy/hiren/20190907_133013.jpg,2,578,41,1282,4106
../dataset/ears/healthy/hiren/20190907_133025.jpg,2,510,80,1350,4086
../dataset/ears/healthy/hiren/20190907_133049.jpg,2,940,266,1633,3773
../dataset/ears/healthy/hiren/20190907_133110.jpg,2,617,51,1458,4106
../dataset/ears/healthy/hiren/20190907_133130.jpg,2,617,246,1594,3773
../dataset/ears/healthy/hiren/20190907_133139.jpg,2,1340,647,1800,2318
../dataset/ears/healthy/hiren/20190907_133342.jpg,2,549,1057,1340,3558
../dataset/ears/healthy/hiren/20190907_133354.jpg,2,715,627,1858,3656
../dataset/ears/healthy/hiren/20190907_133434.jpg,2,549,148,1379,3881
../dataset/ears/healthy/hiren/20190907_133451.jpg,2,608,41,1536,4086
../dataset/ears/healthy/hiren/20190907_133527.jpg,2,823,109,1506,4086
../dataset/ears/healthy/hiren/20190907_133556.jpg,2,568,21,1233,4037
../dataset/ears/healthy/hiren/20190907_133605.jpg,2,813,354,1604,4008
../dataset/ears/healthy/hiren/20190907_133617.jpg,2,686,129,1379,4086
../dataset/ears/healthy/hiren/20190907_133644.jpg,2,383,31,1497,4057
../dataset/ears/healthy/hiren/20190907_133655.jpg,2,539,21,1399,3988
../dataset/ears/healthy/hiren/20190907_133748.jpg,2,783,119,1751,4066
../dataset/ears/healthy/hiren/20190907_133755.jpg,2,285,119,1174,4027
../dataset/ears/healthy/hiren/20190907_133806.jpg,2,1077,148,2102,4066
../dataset/ears/healthy/hiren/20190907_133823.jpg,2,529,61,1262,4047
../dataset/ears/healthy/hiren/20190907_133848.jpg,2,989,70,1897,4096
../dataset/ears/healthy/hiren/20190907_133916.jpg,2,549,51,1262,3959
../dataset/ears/healthy/hiren/20190907_134031.jpg,2,285,412,1663,4037
../dataset/ears/healthy/hiren/20190907_134111.jpg,2,774,393,1272,3842
../dataset/ears/healthy/hiren/20190907_134119.jpg,2,705,129,2073,4086
../dataset/ears/healthy/hiren/20190907_134136.jpg,2,686,354,1673,4096
../dataset/ears/healthy/hiren/20190907_134149.jpg,2,559,70,1428,4057
../dataset/ears/healthy/hiren/20190907_134219.jpg,2,266,510,2142,4106
../dataset/ears/healthy/hiren/20190907_134231.jpg,2,725,373,1858,4106
../dataset/ears/healthy/hiren/20190907_134255.jpg,2,783,1008,1458,3988
../dataset/ears/healthy/hiren/20190907_134303.jpg,2,705,51,1555,3988
../dataset/ears/healthy/hiren/20190907_134308.jpg,2,715,373,1604,4125
../dataset/ears/healthy/hiren/20190907_134318.jpg,2,666,402,1331,4115
../dataset/ears/healthy/hiren/20190907_134327.jpg,2,695,735,1546,4057
../dataset/ears/healthy/hiren/20190907_134351.jpg,2,256,31,2308,3949
../dataset/ears/healthy/hiren/20190907_134403.jpg,2,578,266,1565,3754
../dataset/ears/healthy/hiren/20190907_135050.jpg,2,764,70,1585,3910
../dataset/ears/healthy/hiren/20190907_135102.jpg,2,1565,676,2122,3363
../dataset/ears/healthy/hiren/20190907_135102.jpg,2,823,90,1477,4106
../dataset/ears/healthy/hiren/20190907_135143.jpg,2,852,266,1458,3891
../dataset/ears/healthy/hiren/20190907_135148.jpg,2,539,2,1516,4086
../dataset/ears/healthy/hiren/20190907_135155.jpg,2,754,61,1624,4086
../dataset/ears/healthy/hiren/20190907_135209.jpg,2,754,51,1419,4096
../dataset/ears/healthy/hiren/20190907_135212.jpg,2,1790,930,2317,3783
../dataset/ears/healthy/hiren/20190907_135212.jpg,2,930,2,1536,3959
../dataset/ears/healthy/hiren/20190907_135220.jpg,2,881,41,1575,4037
../dataset/ears/healthy/hiren/20190907_135234.jpg,2,617,31,1575,4066
../dataset/ears/healthy/hiren/20190907_135241.jpg,2,666,227,1839,4076
../dataset/ears/healthy/hiren/20190907_135246.jpg,2,715,51,1409,4066
../dataset/ears/healthy/hiren/20190907_135253.jpg,2,852,51,1604,4066
../dataset/ears/healthy/hiren/20190907_135300.jpg,2,1458,1008,2200,3510
../dataset/ears/healthy/hiren/20190907_135300.jpg,2,862,510,1409,4106
../dataset/ears/healthy/hiren/20190907_135307.jpg,2,783,129,1907,4086
../dataset/ears/healthy/hiren/20190907_135313.jpg,2,686,61,1702,4076
../dataset/ears/healthy/hiren/20190907_135319.jpg,2,910,412,1448,4076
../dataset/ears/healthy/hiren/20190907_135326.jpg,2,656,266,1272,3930
../dataset/ears/healthy/hiren/20190907_135341.jpg,2,695,100,1379,4096
../dataset/ears/healthy/hiren/20190907_135350.jpg,2,725,217,1487,3979
../dataset/ears/healthy/hiren/20190907_135407.jpg,2,774,51,1399,4096
../dataset/ears/healthy/hiren/20190907_135416.jpg,2,910,148,1536,4106
../dataset/ears/healthy/hiren/20190907_135425.jpg,2,735,217,1487,4106
../dataset/ears/healthy/hiren/20190907_135518.jpg,2,627,41,1419,4086
../dataset/ears/healthy/hiren/20190907_135528.jpg,2,705,139,1409,4076
../dataset/ears/healthy/hiren/20190907_135541.jpg,2,656,21,1370,4086
../dataset/ears/healthy/hiren/20190907_135546.jpg,2,862,61,1790,4066
../dataset/ears/healthy/hiren/20190907_135601.jpg,2,598,402,1497,4057
../dataset/ears/healthy/hiren/20190907_135615.jpg,2,627,178,1370,4096
../dataset/ears/healthy/hiren/20190907_135631.jpg,2,764,21,1546,3969
../dataset/ears/healthy/hiren/20190907_135637.jpg,2,735,109,1467,4086
../dataset/ears/healthy/hiren/20190907_135651.jpg,2,813,80,1673,3988
../dataset/ears/healthy/hiren/20190907_135702.jpg,2,1614,1155,2288,4106
../dataset/ears/healthy/hiren/20190907_135702.jpg,2,656,12,1301,3783
../dataset/ears/healthy/hiren/20190907_135736.jpg,2,666,41,1438,4106
../dataset/ears/healthy/hiren/20190907_135803.jpg,2,608,51,1438,3822
../dataset/ears/healthy/hiren/20190907_135812.jpg,2,656,41,1731,4076
../dataset/ears/healthy/hiren/20190907_135819.jpg,2,744,61,1536,4115
../dataset/ears/healthy/hiren/20190907_135826.jpg,2,823,207,1506,4115
../dataset/ears/healthy/manan/20190907_131447.jpg,2,1070,175,1891,4070
../dataset/ears/healthy/manan/20190907_131532.jpg,2,1005,83,1969,3470
../dataset/ears/healthy/manan/20190907_131544.jpg,2,797,748,1878,4070
../dataset/ears/healthy/manan/20190907_131629.jpg,2,719,135,1774,4083
../dataset/ears/healthy/manan/20190907_131713.jpg,2,1057,331,1891,3666
../dataset/ears/healthy/manan/20190907_131718.jpg,2,927,709,1709,3848
../dataset/ears/healthy/manan/20190907_131720.jpg,2,849,305,1982,4083
../dataset/ears/healthy/manan/20190907_131745.jpg,2,1409,331,2034,4044
../dataset/ears/healthy/manan/20190907_131812.jpg,2,953,500,2152,4070
../dataset/ears/healthy/manan/20190907_131828.jpg,2,1110,526,2126,4044
../dataset/ears/healthy/manan/20190907_131843.jpg,2,901,409,1839,4109
../dataset/ears/healthy/manan/20190907_131847.jpg,2,953,474,1969,3757
../dataset/ears/healthy/manan/20190907_131849.jpg,2,862,253,2061,4057
../dataset/ears/healthy/manan/20190907_131900.jpg,2,888,305,1592,4096
../dataset/ears/healthy/manan/20190907_131905.jpg,2,810,96,1761,4070
../dataset/ears/healthy/manan/20190907_131915.jpg,2,487,671,4109,2221
../dataset/ears/healthy/manan/20190907_131924.jpg,2,667,722,1709,4083
../dataset/ears/healthy/manan/20190907_132036.jpg,2,1344,175,2451,4018
../dataset/ears/healthy/manan/20190907_132052.jpg,2,966,175,1813,4096
../dataset/ears/healthy/manan/20190907_132118.jpg,2,185,96,1227,4096
../dataset/ears/healthy/manan/20190907_132143.jpg,2,1057,240,1618,3757
../dataset/ears/healthy/manan/20190907_132206.jpg,2,992,279,2100,4018
../dataset/ears/healthy/manan/20190907_132214.jpg,2,927,188,1852,3679
../dataset/ears/healthy/manan/20190907_132227.jpg,2,1123,305,1878,3874
../dataset/ears/healthy/manan/20190907_132230.jpg,2,1031,578,2061,4096
../dataset/ears/healthy/manan/20190907_132249.jpg,2,836,83,1839,4031
../dataset/ears/healthy/manan/20190907_132252.jpg,2,719,18,1631,4083
../dataset/ears/healthy/manan/20190907_132257.jpg,2,614,448,1461,4096
../dataset/ears/healthy/manan/20190907_132258.jpg,2,667,266,1605,4044
../dataset/ears/healthy/manan/20190907_132308.jpg,2,1227,188,2217,3992
../dataset/ears/healthy/manan/20190907_132357.jpg,2,927,122,1839,4096
../dataset/ears/healthy/manan/20190907_132406.jpg,2,732,122,1761,4070
../dataset/ears/healthy/manan/20190907_132409.jpg,2,979,175,2021,4109
../dataset/ears/healthy/manan/20190907_132429.jpg,2,1018,96,1839,4070
../dataset/ears/healthy/manan/20190907_132431.jpg,2,849,57,1852,4018
../dataset/ears/healthy/manan/20190907_132440.jpg,2,966,175,2204,3979
../dataset/ears/healthy/manan/20190907_132536.jpg,2,1044,18,2152,4031
../dataset/ears/healthy/manan/20190907_132539.jpg,2,784,135,1813,4070
../dataset/ears/healthy/manan/20190907_132554.jpg,2,953,31,2021,4083
../dataset/ears/healthy/manan/20190907_132633.jpg,2,745,31,1930,4096
../dataset/ears/healthy/manan/20190907_132635.jpg,2,849,57,1917,4083
../dataset/ears/healthy/manan/20190907_132706.jpg,2,1083,630,1800,4044
../dataset/ears/healthy/manan/20190907_132720.jpg,2,914,148,1709,4109
../dataset/ears/healthy/manan/20190907_132746.jpg,2,1188,31,2087,4109
../dataset/ears/healthy/manan/20190907_132803.jpg,2,1331,201,2308,4109
../dataset/ears/healthy/manan/20190907_132806.jpg,2,1070,109,2100,4070
../dataset/ears/healthy/manan/20190907_132934.jpg,2,797,318,1839,4070
../dataset/ears/healthy/manan/20190907_132938.jpg,2,719,487,1891,4096
../dataset/ears/healthy/manan/20190907_132952.jpg,2,914,448,1839,4096
../dataset/ears/healthy/manan/20190907_132956.jpg,2,927,774,1657,4070
../dataset/ears/healthy/manan/20190907_133013.jpg,2,927,83,1904,3979
../dataset/ears/healthy/manan/20190907_133020.jpg,2,1018,44,1852,4083
../dataset/ears/healthy/manan/20190907_133026.jpg,2,1031,396,1774,3835
../dataset/ears/healthy/manan/20190907_133033.jpg,2,771,292,1631,4122
../dataset/ears/healthy/manan/20190907_133037.jpg,2,797,70,1878,4070
../dataset/ears/healthy/manan/20190907_133043.jpg,2,875,161,1774,4070
../dataset/ears/healthy/manan/20190907_133052.jpg,2,601,57,1552,4057
../dataset/ears/healthy/manan/20190907_133054.jpg,2,901,201,1956,4018
../dataset/ears/healthy/manan/20190907_133056.jpg,2,979,214,1839,4096
../dataset/ears/healthy/manan/20190907_133253.jpg,2,1175,318,2008,3809
../dataset/ears/healthy/manan/20190907_133255.jpg,2,562,188,1839,4109
../dataset/ears/healthy/manan/20190907_133303.jpg,2,914,630,1956,4083
../dataset/ears/healthy/manan/20190907_133312.jpg,2,940,44,1891,3796
../dataset/ears/healthy/manan/20190907_133336.jpg,2,1136,878,1982,3939
../dataset/ears/healthy/manan/20190907_133339.jpg,2,888,643,1878,4031
../dataset/ears/healthy/manan/20190907_133403.jpg,2,1005,761,1852,4005
../dataset/ears/healthy/manan/20190907_133418.jpg,2,953,83,1800,3601
../dataset/ears/healthy/manan/20190907_133425.jpg,2,1083,396,1800,4096
../dataset/ears/healthy/manan/20190907_133433.jpg,2,1044,240,1826,4005
../dataset/ears/healthy/manan/20190907_133444.jpg,2,1266,83,1995,3979
../dataset/ears/healthy/manan/20190907_133446.jpg,2,1175,57,1735,4031
../dataset/ears/healthy/manan/20190907_133517.jpg,2,966,409,1930,4018
../dataset/ears/healthy/manan/20190907_133524.jpg,2,1057,1165,1865,4044
../dataset/ears/healthy/manan/20190907_133543.jpg,2,979,500,1969,3966
../dataset/ears/healthy/manan/20190907_133550.jpg,2,797,188,1800,4057
../dataset/ears/healthy/manan/20190907_133601.jpg,2,966,188,1774,4044
../dataset/ears/healthy/manan/20190907_133618.jpg,2,1175,201,2061,4057
../dataset/ears/healthy/manan/20190907_133623.jpg,2,862,396,1956,4044
../dataset/ears/healthy/manan/20190907_133631.jpg,2,771,70,1644,4083
../dataset/ears/healthy/manan/20190907_133757.jpg,2,1083,266,1956,4083
../dataset/ears/healthy/manan/20190907_133802.jpg,2,1057,227,1852,4018
../dataset/ears/healthy/manan/20190907_133810.jpg,2,1253,643,2490,4083
../dataset/ears/healthy/manan/20190907_133822.jpg,2,1005,253,1787,4031
../dataset/ears/healthy/manan/20190907_133839.jpg,2,575,617,1891,4109
../dataset/ears/healthy/manan/20190907_133902.jpg,2,1083,122,1891,4070
../dataset/ears/healthy/manan/20190907_133912.jpg,2,745,188,1774,4096
../dataset/ears/healthy/manan/20190907_133947.jpg,2,979,591,2282,4070
../dataset/ears/healthy/manan/20190907_134030.jpg,2,979,474,1943,4122
../dataset/ears/healthy/manan/20190907_134034.jpg,2,1331,878,2204,4070
../dataset/ears/healthy/manan/20190907_134038.jpg,2,1344,422,2126,4057
../dataset/ears/healthy/manan/20190907_134045.jpg,2,1136,188,1826,3913
../dataset/ears/healthy/manan/20190907_134045.jpg,2,2256,500,3077,3601
../dataset/ears/healthy/manan/20190907_134049.jpg,2,849,122,1800,3992
../dataset/ears/healthy/manan/20190907_134055.jpg,2,484,57,1357,4070
../dataset/ears/healthy/manan/20190907_134126.jpg,2,927,57,1748,3992
../dataset/ears/healthy/manan/20190907_134137.jpg,2,1070,448,1761,4018
../dataset/ears/healthy/manan/20190907_134146.jpg,2,1253,331,2061,4096
../dataset/ears/healthy/manan/20190907_134154.jpg,2,914,18,1813,4057
../dataset/ears/healthy/manan/20190907_134159.jpg,2,510,44,1344,4109
../dataset/ears/healthy/manan/20190907_134217.jpg,2,680,305,1800,4096
../dataset/ears/healthy/manan/20190907_134229.jpg,2,797,318,1657,4057
../dataset/ears/healthy/manan/20190907_134238.jpg,2,1149,227,1865,4096
../dataset/leaves/diseased/hiren/20190908_124431.jpg,1,695,21,2112,4096
../dataset/leaves/diseased/hiren/20190908_124450.jpg,1,12,434,4106,2027
../dataset/leaves/diseased/hiren/20190908_124528.jpg,1,695,61,1506,4125
../dataset/leaves/diseased/hiren/20190908_124541.jpg,1,783,41,2308,4076
../dataset/leaves/diseased/hiren/20190908_124604.jpg,1,559,337,4086,1509
../dataset/leaves/diseased/hiren/20190908_124651.jpg,1,21,93,4076,1636
../dataset/leaves/diseased/hiren/20190908_124743.jpg,1,305,21,1565,4096
../dataset/leaves/diseased/hiren/20190908_124816.jpg,1,764,51,2015,4086
../dataset/leaves/diseased/hiren/20190908_124852.jpg,1,21,640,4086,1783
../dataset/leaves/diseased/hiren/20190908_124914.jpg,1,1125,21,2317,4106
../dataset/leaves/diseased/hiren/20190908_124917.jpg,1,813,31,2308,4106
../dataset/leaves/diseased/hiren/20190908_125019.jpg,1,51,679,4066,1724
../dataset/leaves/diseased/hiren/20190908_125051.jpg,1,12,51,1213,4096
../dataset/leaves/diseased/hiren/20190908_125158.jpg,1,871,41,1848,4037
../dataset/leaves/diseased/hiren/20190908_125226.jpg,1,324,542,4096,1499
../dataset/leaves/diseased/hiren/20190908_125318.jpg,1,1321,1272,2005,2933
../dataset/leaves/diseased/hiren/20190908_125355.jpg,1,725,21,1555,4027
../dataset/leaves/diseased/hiren/20190908_125448.jpg,1,735,31,1692,4086
../dataset/leaves/diseased/hiren/20190908_125519.jpg,1,627,12,1946,4076
../dataset/leaves/diseased/hiren/20190908_125537.jpg,1,823,41,1858,4086
../dataset/leaves/diseased/hiren/20190908_125551.jpg,1,803,31,2015,4076
../dataset/leaves/diseased/hiren/20190908_125652.jpg,1,637,31,1702,4115
../dataset/leaves/diseased/hiren/20190908_125757.jpg,1,910,21,1673,4096
../dataset/leaves/diseased/hiren/20190908_125904.jpg,1,715,31,1673,4076
../dataset/leaves/diseased/hiren/20190908_125936.jpg,1,832,41,1682,4057
../dataset/leaves/diseased/hiren/20190908_130001.jpg,1,51,41,1565,4096
../dataset/leaves/diseased/hiren/20190908_130056.jpg,1,764,51,1682,4047
../dataset/leaves/diseased/hiren/20190908_130115.jpg,1,139,728,4066,1324
../dataset/leaves/diseased/hiren/20190908_130140.jpg,1,549,21,1721,4076
../dataset/leaves/diseased/hiren/20190908_131451.jpg,1,451,31,1848,4106
../dataset/leaves/diseased/hiren/20190908_131536.jpg,1,617,21,1868,4125
../dataset/leaves/diseased/hiren/20190908_131636.jpg,1,207,31,1555,4066
../dataset/leaves/diseased/hiren/20190908_131657.jpg,1,402,2581,998,4106
../dataset/leaves/diseased/hiren/20190908_131657.jpg,1,910,31,1653,4115
../dataset/leaves/diseased/hiren/20190908_131709.jpg,1,80,903,4086,1802
../dataset/leaves/diseased/hiren/20190908_131738.jpg,1,656,559,1516,4115
../dataset/leaves/diseased/hiren/20190908_131841.jpg,1,578,41,1790,4086
../dataset/leaves/diseased/hiren/20190908_131906.jpg,1,51,63,4066,1675
../dataset/leaves/diseased/hiren/20190908_131936.jpg,1,705,31,2034,4096
../dataset/leaves/diseased/hiren/20190908_132016.jpg,1,31,816,4086,1754
../dataset/leaves/diseased/hiren/20190908_132042.jpg,1,21,620,4106,1783
../dataset/leaves/diseased/hiren/20190908_132126.jpg,1,1028,41,1731,4096
../dataset/leaves/diseased/hiren/20190908_132208.jpg,1,1057,2435,1751,4086
../dataset/leaves/diseased/hiren/20190908_132222.jpg,1,1125,51,2220,4096
../dataset/leaves/diseased/hiren/20190908_132246.jpg,1,285,31,2288,4047
../dataset/leaves/diseased/hiren/20190908_132326.jpg,1,217,41,1760,4086
../dataset/leaves/diseased/hiren/20190908_132501.jpg,1,764,597,1878,4056
../dataset/leaves/diseased/hiren/20190908_132539.jpg,1,168,884,4125,2125
../dataset/leaves/diseased/hiren/20190908_132608.jpg,1,148,21,1360,4096
../dataset/leaves/diseased/hiren/20190908_132735.jpg,1,1008,41,1809,4115
../dataset/leaves/diseased/hiren/20190908_132801.jpg,1,656,31,1692,4096
../dataset/leaves/diseased/hiren/20190908_133653.jpg,1,627,2,2161,4115
../dataset/leaves/diseased/hiren/20190908_133707.jpg,1,61,434,4076,1529
../dataset/leaves/diseased/hiren/20190908_133727.jpg,1,2718,190,4096,1011
../dataset/leaves/diseased/hiren/20190908_133757.jpg,1,70,933,4047,1832
../dataset/leaves/diseased/hiren/20190908_133823.jpg,1,31,239,4096,1802
../dataset/leaves/diseased/hiren/20190908_133845.jpg,1,705,2,1438,4106
../dataset/leaves/diseased/hiren/20190908_133917.jpg,1,21,493,4008,1627
../dataset/leaves/diseased/hiren/20190908_133959.jpg,1,461,41,1546,4076
../dataset/leaves/diseased/hiren/20190908_134030.jpg,1,588,90,1829,3852
../dataset/leaves/diseased/hiren/20190908_134234.jpg,1,539,21,1497,4086
../dataset/leaves/diseased/hiren/20190908_134303.jpg,1,764,41,1995,4106
../dataset/leaves/diseased/hiren/20190908_134342.jpg,1,901,2,2015,4115
../dataset/leaves/diseased/hiren/20190908_134351.jpg,1,705,569,1243,4076
../dataset/leaves/diseased/hiren/20190908_134426.jpg,1,930,51,1633,4066
../dataset/leaves/diseased/hiren/20190908_134438.jpg,1,744,70,1555,4076
../dataset/leaves/diseased/hiren/20190908_134450.jpg,1,764,510,2142,4115
../dataset/leaves/diseased/hiren/20190908_134503.jpg,1,725,256,1643,4115
../dataset/leaves/diseased/hiren/20190908_134534.jpg,1,70,630,4096,1255
../dataset/leaves/diseased/hiren/20190908_135410.jpg,1,725,61,1848,4096
../dataset/leaves/diseased/hiren/20190908_135456.jpg,1,80,434,4115,1441
../dataset/leaves/diseased/hiren/20190908_135538.jpg,1,852,31,2024,4066
../dataset/leaves/diseased/hiren/20190908_135548.jpg,1,1028,21,1868,4057
../dataset/leaves/diseased/hiren/20190908_135602.jpg,1,31,884,4066,1558
../dataset/leaves/diseased/hiren/20190908_135619.jpg,1,21,640,4096,1841
../dataset/leaves/diseased/hiren/20190908_135640.jpg,1,823,41,2317,4057
../dataset/leaves/diseased/hiren/20190908_135648.jpg,1,393,188,2102,4096
../dataset/leaves/diseased/hiren/20190908_135703.jpg,1,510,41,1546,4115
../dataset/leaves/diseased/hiren/20190908_135715.jpg,1,695,31,1956,4086
../dataset/leaves/diseased/hiren/20190908_135733.jpg,1,266,41,1731,4115
../dataset/leaves/diseased/hiren/20190908_135754.jpg,1,832,21,1712,4086
../dataset/leaves/diseased/hiren/20190908_135808.jpg,1,41,913,4018,1617
../dataset/leaves/diseased/hiren/20190908_135808.jpg,1,578,34,2415,1031
../dataset/leaves/diseased/hiren/20190908_140033.jpg,1,12,864,4086,1314
../dataset/leaves/diseased/hiren/20190908_140033.jpg,1,250,813,3650,1447
../dataset/leaves/diseased/hiren/20190908_140103.jpg,1,510,21,2142,4096
../dataset/leaves/diseased/hiren/20190908_140107.jpg,1,901,21,2171,4076
../dataset/leaves/diseased/hiren/20190908_140122.jpg,1,715,51,1594,4106
../dataset/leaves/diseased/hiren/20190908_140204.jpg,1,1028,31,2171,4125
../dataset/leaves/diseased/hiren/20190908_140232.jpg,1,862,61,1790,4106
../dataset/leaves/diseased/hiren/20190908_140250.jpg,1,832,41,1555,4066
../dataset/leaves/diseased/hiren/20190908_140311.jpg,1,793,31,2024,4106
../dataset/leaves/diseased/hiren/20190908_140346.jpg,1,735,41,1624,4018
../dataset/leaves/diseased/hiren/20190908_140539.jpg,1,950,31,2308,4096
../dataset/leaves/diseased/hiren/20190908_140558.jpg,1,41,767,4076,1939
../dataset/leaves/diseased/hiren/20190908_140608.jpg,1,647,31,1917,4086
../dataset/leaves/diseased/manan/20190908_112320.jpg,1,1243,1491,4031,2091
../dataset/leaves/diseased/manan/20190908_112322.jpg,1,1060,1374,4057,2117
../dataset/leaves/diseased/manan/20190908_112345.jpg,1,1201,643,2034,3405
../dataset/leaves/diseased/manan/20190908_112530.jpg,1,31,1140,3314,2052
../dataset/leaves/diseased/manan/20190908_112531.jpg,1,31,1374,2337,2169
../dataset/leaves/diseased/manan/20190908_112549.jpg,1,862,18,1943,4083
../dataset/leaves/diseased/manan/20190908_112653.jpg,1,1214,5,1865,4083
../dataset/leaves/diseased/manan/20190908_112655.jpg,1,1396,722,2074,4096
../dataset/leaves/diseased/manan/20190908_112729.jpg,1,940,44,1670,3353
../dataset/leaves/diseased/manan/20190908_112732.jpg,1,680,31,1657,4005
../dataset/leaves/diseased/manan/20190908_112829.jpg,1,1005,70,1722,2793
../dataset/leaves/diseased/manan/20190908_112913.jpg,1,693,18,1787,3379
../dataset/leaves/diseased/manan/20190908_112920.jpg,1,732,5,1878,3588
../dataset/leaves/diseased/manan/20190908_112930.jpg,1,1969,44,2569,1438
../dataset/leaves/diseased/manan/20190908_112930.jpg,1,940,31,2048,3444
../dataset/leaves/diseased/manan/20190908_112932.jpg,1,901,57,2165,3939
../dataset/leaves/diseased/manan/20190908_112937.jpg,1,654,70,1891,4096
../dataset/leaves/diseased/manan/20190908_112942.jpg,1,628,44,1852,4070
../dataset/leaves/diseased/manan/20190908_113703.jpg,1,1383,44,2412,4096
../dataset/leaves/diseased/manan/20190908_113722.jpg,1,1110,500,2256,4057
../dataset/leaves/diseased/manan/20190908_113728.jpg,1,1044,31,2256,4122
../dataset/leaves/diseased/manan/20190908_113823.jpg,1,1201,31,2113,3510
../dataset/leaves/diseased/manan/20190908_113825.jpg,1,953,70,2334,3666
../dataset/leaves/diseased/manan/20190908_113926.jpg,1,630,1322,3653,2039
../dataset/leaves/diseased/manan/20190908_113934.jpg,1,445,422,1826,4044
../dataset/leaves/diseased/manan/20190908_113938.jpg,1,1083,188,1800,4122
../dataset/leaves/diseased/manan/20190908_113940.jpg,1,1136,370,1982,4083
../dataset/leaves/diseased/manan/20190908_113940.jpg,1,628,109,1709,3822
../dataset/leaves/diseased/manan/20190908_114026.jpg,1,969,1413,4122,2078
../dataset/leaves/diseased/manan/20190908_114040.jpg,1,419,630,1018,3549
../dataset/leaves/diseased/manan/20190908_114508.jpg,1,966,240,2230,4070
../dataset/leaves/diseased/manan/20190908_114542.jpg,1,784,31,1865,4057
../dataset/leaves/diseased/manan/20190908_114718.jpg,1,979,44,1631,3379
../dataset/leaves/diseased/manan/20190908_114721.jpg,1,1031,57,1761,3236
../dataset/leaves/diseased/manan/20190908_114730.jpg,1,1070,604,2061,3666
../dataset/leaves/diseased/manan/20190908_114740.jpg,1,344,1530,4109,2325
../dataset/leaves/diseased/manan/20190908_114742.jpg,1,31,1192,3197,2052
../dataset/leaves/diseased/manan/20190908_114742.jpg,1,44,1700,2819,2625
../dataset/leaves/diseased/manan/20190908_114753.jpg,1,253,540,4083,2234
../dataset/leaves/diseased/manan/20190908_114854.jpg,1,1266,96,2048,3041
../dataset/leaves/diseased/manan/20190908_114949.jpg,1,1422,57,1995,3627
../dataset/leaves/diseased/manan/20190908_115002.jpg,1,927,44,2126,3444
../dataset/leaves/diseased/manan/20190908_115005.jpg,1,888,44,2165,3887
../dataset/leaves/diseased/manan/20190908_115009.jpg,1,940,370,2230,3926
../dataset/leaves/diseased/manan/20190908_115017.jpg,1,784,44,1878,4070
../dataset/leaves/diseased/manan/20190908_115020.jpg,1,914,5,2008,3627
../dataset/leaves/diseased/manan/20190908_115043.jpg,1,1188,70,1982,3484
../dataset/leaves/diseased/manan/20190908_115050.jpg,1,1266,57,1982,3158
../dataset/leaves/diseased/manan/20190908_115559.jpg,1,1018,83,1930,4031
../dataset/leaves/diseased/manan/20190908_115603.jpg,1,1240,383,1917,3679
../dataset/leaves/diseased/manan/20190908_115619.jpg,1,539,1387,3562,1999
../dataset/leaves/diseased/manan/20190908_115634.jpg,1,1451,905,3992,1986
../dataset/leaves/diseased/manan/20190908_115706.jpg,1,57,1596,3601,2403
../dataset/leaves/diseased/manan/20190908_115712.jpg,1,383,1804,4057,2364
../dataset/leaves/diseased/manan/20190908_115716.jpg,1,122,1127,4018,2156
../dataset/leaves/diseased/manan/20190908_115733.jpg,1,1162,44,2269,4109
../dataset/leaves/diseased/manan/20190908_115735.jpg,1,1331,44,2178,4083
../dataset/leaves/diseased/manan/20190908_115737.jpg,1,680,70,1748,4109
../dataset/leaves/diseased/manan/20190908_115745.jpg,1,135,1127,4057,2195
../dataset/leaves/diseased/manan/20190908_115748.jpg,1,513,1114,3197,1934
../dataset/leaves/diseased/manan/20190908_115749.jpg,1,748,788,3119,1804
../dataset/leaves/diseased/manan/20190908_115805.jpg,1,862,5,1592,4057
../dataset/leaves/diseased/manan/20190908_115812.jpg,1,1305,57,2061,4109
../dataset/leaves/diseased/manan/20190908_115820.jpg,1,774,1400,4070,2221
../dataset/leaves/diseased/manan/20190908_115827.jpg,1,1331,1126,1995,3952
../dataset/leaves/diseased/manan/20190908_115833.jpg,1,1321,1309,3926,2495
../dataset/leaves/diseased/manan/20190908_115855.jpg,1,940,1060,1539,3470
../dataset/leaves/diseased/manan/20190908_115918.jpg,1,18,1192,4057,1908
../dataset/leaves/diseased/manan/20190908_115921.jpg,1,57,1231,4083,2013
../dataset/leaves/diseased/manan/20190908_120016.jpg,1,409,944,3080,2026
../dataset/leaves/diseased/manan/20190908_120252.jpg,1,1461,266,2803,4057
../dataset/leaves/diseased/manan/20190908_120313.jpg,1,862,1112,1631,3145
../dataset/leaves/diseased/manan/20190908_120329.jpg,1,862,1152,1566,3366
../dataset/leaves/diseased/manan/20190908_120333.jpg,1,823,344,1904,3966
../dataset/leaves/diseased/manan/20190908_120344.jpg,1,1568,1400,3353,2338
../dataset/leaves/diseased/manan/20190908_120449.jpg,1,784,995,1930,3510
../dataset/leaves/diseased/manan/20190908_120454.jpg,1,940,148,2152,4109
../dataset/leaves/diseased/manan/20190908_120501.jpg,1,1253,31,2595,3314
../dataset/leaves/diseased/manan/20190908_120519.jpg,1,1021,1022,4096,2299
../dataset/leaves/diseased/manan/20190908_120531.jpg,1,536,839,1657,4005
../dataset/leaves/diseased/manan/20190908_120536.jpg,1,1748,318,3012,3392
../dataset/leaves/diseased/manan/20190908_120536.jpg,1,797,591,1904,4083
../dataset/leaves/diseased/manan/20190908_120537.jpg,1,953,826,1982,4083
../dataset/leaves/diseased/manan/20190908_120741.jpg,1,96,918,3614,1765
../dataset/leaves/diseased/manan/20190908_120745.jpg,1,18,1374,4044,2573
../dataset/leaves/diseased/manan/20190908_120757.jpg,1,758,5,1995,3757
../dataset/leaves/diseased/manan/20190908_120949.jpg,1,1644,83,2204,2754
../dataset/leaves/diseased/manan/20190908_120953.jpg,1,1031,5,2008,3979
../dataset/leaves/diseased/manan/20190908_121017.jpg,1,1292,422,1917,3431
../dataset/leaves/diseased/manan/20190908_121329.jpg,1,578,970,4057,1817
../dataset/leaves/diseased/manan/20190908_121401.jpg,1,1868,827,4083,1765
../dataset/leaves/diseased/manan/20190908_121403.jpg,1,1191,593,4109,1778
../dataset/leaves/diseased/manan/20190908_121421.jpg,1,1110,487,2061,4070
../dataset/leaves/diseased/manan/20190908_121456.jpg,1,1097,18,1631,3275
../dataset/leaves/diseased/manan/20190908_121542.jpg,1,1136,18,2295,3783
../dataset/leaves/diseased/manan/20190908_121551.jpg,1,1357,1021,1917,3470
../dataset/leaves/diseased/manan/20190908_121602.jpg,1,630,1309,3497,1843
../dataset/leaves/diseased/manan/20190908_121608.jpg,1,758,57,2139,2168
../dataset/leaves/diseased/manan/20190908_121608.jpg,1,940,1282,1487,4083
../dataset/leaves/diseased/manan/20190908_121611.jpg,1,966,956,1943,3952
../dataset/leaves/diseased/manan/20190908_121622.jpg,1,1188,565,1878,3666
../dataset/leaves/diseased/manan/20190908_121630.jpg,1,1188,1165,1813,4044
../dataset/leaves/diseased/manan/20190908_121913.jpg,1,1500,1464,1982,3379
../dataset/leaves/diseased/manan/20190908_121920.jpg,1,1175,487,1982,4057
../dataset/leaves/diseased/manan/20190908_121922.jpg,1,1057,995,2321,4109
../dataset/leaves/diseased/manan/20190908_121936.jpg,1,1201,109,2008,3562
../dataset/leaves/diseased/manan/20190908_121939.jpg,1,1373,1179,4005,2338
../dataset/leaves/diseased/manan/20190908_121945.jpg,1,771,1321,1956,4122
../dataset/leaves/diseased/manan/20190908_121950.jpg,1,1162,487,1982,3523
../dataset/leaves/diseased/manan/20190908_121953.jpg,1,1422,670,2152,3444
../dataset/leaves/healthy/hiren/20190907_140118.jpg,0,920,21,1839,3891
../dataset/leaves/healthy/hiren/20190907_140136.jpg,0,334,21,2298,4106
../dataset/leaves/healthy/hiren/20190907_140313.jpg,0,197,21,2298,4096
../dataset/leaves/healthy/hiren/20190907_140348.jpg,0,998,630,4096,2271
../dataset/leaves/healthy/hiren/20190907_140414.jpg,0,90,80,1790,4086
../dataset/leaves/healthy/hiren/20190907_140427.jpg,0,1174,552,4076,1734
../dataset/leaves/healthy/hiren/20190907_140626.jpg,0,764,784,2083,4086
../dataset/leaves/healthy/hiren/20190907_140820.jpg,0,793,61,2054,3744
../dataset/leaves/healthy/hiren/20190908_101140.jpg,0,31,180,4076,1822
../dataset/leaves/healthy/hiren/20190908_101329.jpg,0,588,31,1760,4106
../dataset/leaves/healthy/hiren/20190908_101424.jpg,0,881,236,2200,4076
../dataset/leaves/healthy/hiren/20190908_101610.jpg,0,647,774,1682,4066
../dataset/leaves/healthy/hiren/20190908_101643.jpg,0,715,1028,1682,4086
../dataset/leaves/healthy/hiren/20190908_101727.jpg,0,901,41,1985,4096
../dataset/leaves/healthy/hiren/20190908_101742.jpg,0,764,598,1536,4066
../dataset/leaves/healthy/hiren/20190908_101802.jpg,0,686,21,2083,4096
../dataset/leaves/healthy/hiren/20190908_101819.jpg,0,373,21,2112,4076
../dataset/leaves/healthy/hiren/20190908_101858.jpg,0,852,41,1653,4096
../dataset/leaves/healthy/hiren/20190908_101937.jpg,0,705,21,1956,4115
../dataset/leaves/healthy/hiren/20190908_101953.jpg,0,725,148,1682,4096
../dataset/leaves/healthy/hiren/20190908_102011.jpg,0,647,31,1594,4096
../dataset/leaves/healthy/hiren/20190908_102048.jpg,0,608,598,1702,4096
../dataset/leaves/healthy/hiren/20190908_102107.jpg,0,1037,305,2142,4066
../dataset/leaves/healthy/hiren/20190908_102159.jpg,0,725,31,1643,4076
../dataset/leaves/healthy/hiren/20190908_102234.jpg,0,813,61,1790,3099
../dataset/leaves/healthy/hiren/20190908_102304.jpg,0,735,31,1565,4125
../dataset/leaves/healthy/hiren/20190908_102354.jpg,0,871,12,2024,4076
../dataset/leaves/healthy/hiren/20190908_102425.jpg,0,363,1907,1360,3617
../dataset/leaves/healthy/hiren/20190908_102454.jpg,0,559,21,1741,4086
../dataset/leaves/healthy/hiren/20190908_102512.jpg,0,500,256,1770,4106
../dataset/leaves/healthy/hiren/20190908_102529.jpg,0,1086,21,1731,3226
../dataset/leaves/healthy/hiren/20190908_102545.jpg,0,803,793,1975,4096
../dataset/leaves/healthy/hiren/20190908_102600.jpg,0,862,715,1653,4115
../dataset/leaves/healthy/hiren/20190908_102618.jpg,0,735,217,1682,4086
../dataset/leaves/healthy/hiren/20190908_102634.jpg,0,950,256,1858,4115
../dataset/leaves/healthy/hiren/20190908_102655.jpg,0,21,2,725,2024
../dataset/leaves/healthy/hiren/20190908_102700.jpg,0,695,559,1477,4076
../dataset/leaves/healthy/hiren/20190908_102719.jpg,0,803,344,1927,4086
../dataset/leaves/healthy/hiren/20190908_102759.jpg,0,823,12,1800,4106
../dataset/leaves/healthy/hiren/20190908_102811.jpg,0,539,41,1399,3764
../dataset/leaves/healthy/hiren/20190908_102832.jpg,0,871,21,2102,4086
../dataset/leaves/healthy/hiren/20190908_102852.jpg,0,793,12,1878,4106
../dataset/leaves/healthy/hiren/20190908_102905.jpg,0,41,483,4106,1451
../dataset/leaves/healthy/hiren/20190908_102943.jpg,0,402,31,1907,4115
../dataset/leaves/healthy/hiren/20190908_102953.jpg,0,764,31,2259,4096
../dataset/leaves/healthy/hiren/20190908_103330.jpg,0,1194,1126,2102,3558
../dataset/leaves/healthy/hiren/20190908_103406.jpg,0,529,432,2073,4125
../dataset/leaves/healthy/hiren/20190908_103420.jpg,0,1037,1116,1731,4047
../dataset/leaves/healthy/hiren/20190908_103436.jpg,0,774,744,1643,4057
../dataset/leaves/healthy/hiren/20190908_103449.jpg,0,764,383,2063,4125
../dataset/leaves/healthy/hiren/20190908_103500.jpg,0,783,51,1506,4106
../dataset/leaves/healthy/hiren/20190908_103515.jpg,0,695,608,1780,4125
../dataset/leaves/healthy/hiren/20190908_103529.jpg,0,842,539,1946,4086
../dataset/leaves/healthy/hiren/20190908_103652.jpg,0,588,229,4096,1529
../dataset/leaves/healthy/hiren/20190908_103721.jpg,0,695,41,1546,4106
../dataset/leaves/healthy/hiren/20190908_103737.jpg,0,305,31,1712,4096
../dataset/leaves/healthy/hiren/20190908_103754.jpg,0,21,816,4037,1656
../dataset/leaves/healthy/hiren/20190908_103754.jpg,0,41,806,3920,1480
../dataset/leaves/healthy/hiren/20190908_103909.jpg,0,31,708,4076,1304
../dataset/leaves/healthy/hiren/20190908_103931.jpg,0,656,21,1975,4096
../dataset/leaves/healthy/hiren/20190908_104032.jpg,0,862,657,1458,4096
../dataset/leaves/healthy/hiren/20190908_104042.jpg,0,774,871,1741,4066
../dataset/leaves/healthy/hiren/20190908_104059.jpg,0,783,31,1702,4037
../dataset/leaves/healthy/hiren/20190908_104115.jpg,0,774,21,1604,4086
../dataset/leaves/healthy/hiren/20190908_104136.jpg,0,21,601,4106,1881
../dataset/leaves/healthy/hiren/20190908_104147.jpg,0,862,109,2044,4086
../dataset/leaves/healthy/hiren/20190908_104315.jpg,0,842,51,1575,4115
../dataset/leaves/healthy/hiren/20190908_104354.jpg,0,842,41,1663,4106
../dataset/leaves/healthy/hiren/20190908_104410.jpg,0,862,31,1604,4086
../dataset/leaves/healthy/hiren/20190908_104442.jpg,0,686,41,1487,3734
../dataset/leaves/healthy/hiren/20190908_104512.jpg,0,735,490,1868,4076
../dataset/leaves/healthy/hiren/20190908_104526.jpg,0,705,285,1741,4125
../dataset/leaves/healthy/hiren/20190908_104613.jpg,0,881,31,1975,4086
../dataset/leaves/healthy/hiren/20190908_104625.jpg,0,51,747,3705,1783
../dataset/leaves/healthy/hiren/20190908_104653.jpg,0,803,705,1594,3715
../dataset/leaves/healthy/hiren/20190908_104703.jpg,0,783,139,1516,3764
../dataset/leaves/healthy/hiren/20190908_104721.jpg,0,559,41,1331,4096
../dataset/leaves/healthy/hiren/20190908_105110.jpg,0,705,51,1419,4076
../dataset/leaves/healthy/hiren/20190908_105122.jpg,0,187,31,1673,3949
../dataset/leaves/healthy/hiren/20190908_105153.jpg,0,959,12,1663,4106
../dataset/leaves/healthy/hiren/20190908_105205.jpg,0,910,41,1594,4057
../dataset/leaves/healthy/hiren/20190908_105236.jpg,0,920,21,1467,4057
../dataset/leaves/healthy/hiren/20190908_105247.jpg,0,813,31,1624,4096
../dataset/leaves/healthy/hiren/20190908_105311.jpg,0,432,31,1546,4106
../dataset/leaves/healthy/hiren/20190908_105329.jpg,0,559,61,1585,4066
../dataset/leaves/healthy/hiren/20190908_105343.jpg,0,803,41,1516,4076
../dataset/leaves/healthy/hiren/20190908_105418.jpg,0,842,90,1731,4086
../dataset/leaves/healthy/hiren/20190908_105435.jpg,0,695,41,1985,4115
../dataset/leaves/healthy/hiren/20190908_105456.jpg,0,852,246,1477,4086
../dataset/leaves/healthy/hiren/20190908_105507.jpg,0,627,530,1692,4066
../dataset/leaves/healthy/hiren/20190908_105528.jpg,0,686,1262,1487,4096
../dataset/leaves/healthy/hiren/20190908_105624.jpg,0,735,70,1389,4106
../dataset/leaves/healthy/hiren/20190908_105637.jpg,0,871,148,1721,4125
../dataset/leaves/healthy/hiren/20190908_105725.jpg,0,471,41,1477,4086
../dataset/leaves/healthy/hiren/20190908_105744.jpg,0,901,80,2288,4106
../dataset/leaves/healthy/hiren/20190908_105755.jpg,0,764,686,1956,4115
../dataset/leaves/healthy/hiren/20190908_105810.jpg,0,725,41,2298,3275
../dataset/leaves/healthy/hiren/20190908_105856.jpg,0,686,31,1448,4096
../dataset/leaves/healthy/hiren/20190908_105914.jpg,0,969,559,1878,3558
../dataset/leaves/healthy/hiren/20190908_105928.jpg,0,481,31,1653,4076
../dataset/leaves/healthy/hiren/20190908_110001.jpg,0,774,31,1565,4066
../dataset/leaves/healthy/hiren/20190908_110047.jpg,0,1028,51,1663,3275
../dataset/leaves/healthy/hiren/20190908_110126.jpg,0,500,41,1780,4066
../dataset/leaves/healthy/hiren/20190908_110204.jpg,0,930,41,1565,2914
../dataset/leaves/healthy/hiren/20190908_110222.jpg,0,656,100,1829,4106
../dataset/leaves/healthy/hiren/20190908_110239.jpg,0,803,373,1575,4086
../dataset/leaves/healthy/hiren/20190908_110326.jpg,0,940,119,1594,4018
../dataset/leaves/healthy/hiren/20190908_110833.jpg,0,1184,871,2054,4066
../dataset/leaves/healthy/hiren/20190908_110847.jpg,0,12,73,4125,1138
../dataset/leaves/healthy/hiren/20190908_110859.jpg,0,881,21,1614,4115
../dataset/leaves/healthy/hiren/20190908_110913.jpg,0,61,483,3265,1470
../dataset/leaves/healthy/hiren/20190908_110945.jpg,0,871,31,2308,4115
../dataset/leaves/healthy/hiren/20190908_111004.jpg,0,41,864,4066,1578
../dataset/leaves/healthy/hiren/20190908_111027.jpg,0,31,659,4047,1460
../dataset/leaves/healthy/hiren/20190908_111052.jpg,0,910,735,1419,3891
../dataset/leaves/healthy/hiren/20190908_111107.jpg,0,783,12,1448,4115
../dataset/leaves/healthy/hiren/20190908_111119.jpg,0,989,61,1829,4076
../dataset/leaves/healthy/hiren/20190908_111149.jpg,0,969,598,1487,3725
../dataset/leaves/healthy/hiren/20190908_111204.jpg,0,940,705,1702,4076
../dataset/leaves/healthy/hiren/20190908_111230.jpg,0,744,598,1506,4115
../dataset/leaves/healthy/hiren/20190908_111247.jpg,0,539,549,1663,4106
../dataset/leaves/healthy/hiren/20190908_111307.jpg,0,608,21,1624,4115
../dataset/leaves/healthy/hiren/20190908_111329.jpg,0,31,786,3129,1353
../dataset/leaves/healthy/hiren/20190908_111344.jpg,0,256,767,4027,1636
../dataset/leaves/healthy/hiren/20190908_111355.jpg,0,109,669,4115,1343
../dataset/leaves/healthy/hiren/20190908_111417.jpg,0,852,31,1760,4076
../dataset/leaves/healthy/manan/20190907_135103.jpg,0,96,983,4031,1726
../dataset/leaves/healthy/manan/20190907_135108.jpg,0,683,1179,3614,1830
../dataset/leaves/healthy/manan/20190907_135117(0).jpg,0,1318,487,2008,2871
../dataset/leaves/healthy/manan/20190907_135117.jpg,0,1331,396,1943,2923
../dataset/leaves/healthy/manan/20190907_135131.jpg,0,1175,83,1969,4018
../dataset/leaves/healthy/manan/20190907_135141.jpg,0,745,96,1696,3470
../dataset/leaves/healthy/manan/20190907_135153.jpg,0,1201,357,2256,4109
../dataset/leaves/healthy/manan/20190907_135218.jpg,0,214,788,3796,1635
../dataset/leaves/healthy/manan/20190907_135224.jpg,0,1253,1021,2230,4122
../dataset/leaves/healthy/manan/20190907_135245.jpg,0,1279,461,2061,3939
../dataset/leaves/healthy/manan/20190907_135307.jpg,0,109,1035,3497,1739
../dataset/leaves/healthy/manan/20190907_135318.jpg,0,1526,18,2295,3314
../dataset/leaves/healthy/manan/20190907_135418.jpg,0,1357,5,2360,4109
../dataset/leaves/healthy/manan/20190907_135432.jpg,0,188,1101,4096,1817
../dataset/leaves/healthy/manan/20190907_135438.jpg,0,44,1022,3809,1700
../dataset/leaves/healthy/manan/20190907_135515.jpg,0,461,1075,4096,1921
../dataset/leaves/healthy/manan/20190907_135517.jpg,0,266,1322,3835,2195
../dataset/leaves/healthy/manan/20190907_135549.jpg,0,1592,1386,2282,3288
../dataset/leaves/healthy/manan/20190907_135551.jpg,0,1461,1477,2243,3575
../dataset/leaves/healthy/manan/20190907_135605.jpg,0,109,1127,4031,2065
../dataset/leaves/healthy/manan/20190907_135619.jpg,0,253,1101,4070,1882
../dataset/leaves/healthy/manan/20190907_135627.jpg,0,1396,1112,2191,3510
../dataset/leaves/healthy/manan/20190907_135718.jpg,0,1018,57,1813,3913
../dataset/leaves/healthy/manan/20190907_135748.jpg,0,1214,70,2230,3549
../dataset/leaves/healthy/manan/20190907_135750.jpg,0,1201,57,2204,3796
../dataset/leaves/healthy/manan/20190907_140106.jpg,0,1448,83,2165,4018
../dataset/leaves/healthy/manan/20190907_140135.jpg,0,1409,83,1878,4005
../dataset/leaves/healthy/manan/20190907_140145(0).jpg,0,810,175,1709,3822
../dataset/leaves/healthy/manan/20190907_140145.jpg,0,953,318,1813,3809
../dataset/leaves/healthy/manan/20190907_140149.jpg,0,940,57,2021,3835
../dataset/leaves/healthy/manan/20190907_140237.jpg,0,709,271,1205,2247
../dataset/leaves/healthy/manan/20190907_140313.jpg,0,839,515,1205,2019
../dataset/leaves/healthy/manan/20190907_140323.jpg,0,538,117,1075,2499
../dataset/leaves/healthy/manan/20190907_140440.jpg,0,1266,83,1930,4070
../dataset/leaves/healthy/manan/20190907_140513.jpg,0,1240,305,1696,4031
../dataset/leaves/healthy/manan/20190907_140515.jpg,0,1162,57,1709,4083
../dataset/leaves/healthy/manan/20190907_140743.jpg,0,849,344,1552,3913
../dataset/leaves/healthy/manan/20190907_140744.jpg,0,875,292,1526,4070
../dataset/leaves/healthy/manan/20190907_140759.jpg,0,1175,344,1930,4096
../dataset/leaves/healthy/manan/20190907_140946.jpg,0,461,1153,4096,1947
../dataset/leaves/healthy/manan/20190907_141000.jpg,0,201,1062,4096,1817
../dataset/leaves/healthy/manan/20190907_141002.jpg,0,70,1035,4044,1817
../dataset/leaves/healthy/manan/20190908_101240.jpg,0,1110,109,1904,3705
../dataset/leaves/healthy/manan/20190908_101333.jpg,0,1097,44,1761,3340
../dataset/leaves/healthy/manan/20190908_101341.jpg,0,1305,122,1956,3992
../dataset/leaves/healthy/manan/20190908_101346.jpg,0,992,1243,1618,4031
../dataset/leaves/healthy/manan/20190908_101416.jpg,0,748,1296,3979,1791
../dataset/leaves/healthy/manan/20190908_101534.jpg,0,448,1348,4096,1999
../dataset/leaves/healthy/manan/20190908_101604.jpg,0,1383,513,2100,4083
../dataset/leaves/healthy/manan/20190908_101608.jpg,0,1253,565,2308,4096
../dataset/leaves/healthy/manan/20190908_101640.jpg,0,1031,57,1813,3861
../dataset/leaves/healthy/manan/20190908_101644.jpg,0,966,57,1995,4096
../dataset/leaves/healthy/manan/20190908_101659.jpg,0,1370,526,2178,3731
../dataset/leaves/healthy/manan/20190908_101700.jpg,0,1422,487,2399,3718
../dataset/leaves/healthy/manan/20190908_101715.jpg,0,888,539,1761,4057
../dataset/leaves/healthy/manan/20190908_101815.jpg,0,1031,5,1878,4096
../dataset/leaves/healthy/manan/20190908_101816(0).jpg,0,1123,44,1800,4057
../dataset/leaves/healthy/manan/20190908_101816.jpg,0,1110,318,1878,4083
../dataset/leaves/healthy/manan/20190908_101903.jpg,0,1383,787,1982,4070
../dataset/leaves/healthy/manan/20190908_101905.jpg,0,1136,761,1969,3549
../dataset/leaves/healthy/manan/20190908_101934.jpg,0,253,1504,4044,2039
../dataset/leaves/healthy/manan/20190908_102003.jpg,0,396,1322,2806,1947
../dataset/leaves/healthy/manan/20190908_102005.jpg,0,552,1439,3184,1999
../dataset/leaves/healthy/manan/20190908_102031.jpg,0,940,279,1735,4005
../dataset/leaves/healthy/manan/20190908_102032.jpg,0,1083,44,1839,4070
../dataset/leaves/healthy/manan/20190908_102055.jpg,0,448,1348,3653,1960
../dataset/leaves/healthy/manan/20190908_102101.jpg,0,44,1140,4122,1973
../dataset/leaves/healthy/manan/20190908_102301.jpg,0,1123,31,1930,4096
../dataset/leaves/healthy/manan/20190908_102305.jpg,0,1383,57,2543,4070
../dataset/leaves/healthy/manan/20190908_102410.jpg,0,982,1570,3614,2273
../dataset/leaves/healthy/manan/20190908_102434.jpg,0,914,214,1748,4070
../dataset/leaves/healthy/manan/20190908_102528.jpg,0,797,109,1839,4031
../dataset/leaves/healthy/manan/20190908_102532.jpg,0,966,214,1891,3992
../dataset/leaves/healthy/manan/20190908_102542.jpg,0,1031,122,2139,4031
../dataset/leaves/healthy/manan/20190908_102627.jpg,0,1162,604,1878,4096
../dataset/leaves/healthy/manan/20190908_102628.jpg,0,1083,344,1943,4083
../dataset/leaves/healthy/manan/20190908_102719.jpg,0,122,1869,2519,2573
../dataset/leaves/healthy/manan/20190908_102740.jpg,0,1214,18,1748,3340
../dataset/leaves/healthy/manan/20190908_102742(0).jpg,0,1305,135,1930,4083
../dataset/leaves/healthy/manan/20190908_102742.jpg,0,1422,253,2008,4070
../dataset/leaves/healthy/manan/20190908_102742.jpg,0,1904,552,2764,3262
../dataset/leaves/healthy/manan/20190908_103026.jpg,0,1227,487,1878,3796
../dataset/leaves/healthy/manan/20190908_103059.jpg,0,1279,70,2269,3640
../dataset/leaves/healthy/manan/20190908_103101.jpg,0,940,44,2191,3770
../dataset/leaves/healthy/manan/20190908_103123.jpg,0,1018,70,1904,3536
../dataset/leaves/healthy/manan/20190908_103125.jpg,0,992,344,1592,3757
../dataset/leaves/healthy/manan/20190908_103158.jpg,0,826,1218,3640,1986
../dataset/leaves/healthy/manan/20190908_103200.jpg,0,1112,1322,4031,2039
../dataset/leaves/healthy/manan/20190908_103210.jpg,0,810,396,1709,4057
../dataset/leaves/healthy/manan/20190908_103238.jpg,0,979,5,2008,4070
../dataset/leaves/healthy/manan/20190908_103319.jpg,0,96,1400,4044,2286
../dataset/leaves/healthy/manan/20190908_103321.jpg,0,836,161,1878,4070
../dataset/leaves/healthy/manan/20190908_103328.jpg,0,44,1452,3705,2143
../dataset/leaves/healthy/manan/20190908_103334.jpg,0,83,566,3705,1752
../dataset/leaves/healthy/manan/20190908_103335.jpg,0,96,983,3992,1817
../dataset/leaves/healthy/manan/20190908_103516.jpg,0,188,1452,3588,2195
../dataset/leaves/healthy/manan/20190908_103517.jpg,0,18,1166,4122,2182
../dataset/leaves/healthy/manan/20190908_103529.jpg,0,1396,57,2048,4096
../dataset/leaves/healthy/manan/20190908_103549.jpg,0,849,201,1930,3835
../dataset/leaves/healthy/manan/20190908_103611.jpg,0,617,1374,4083,2169
../dataset/leaves/healthy/manan/20190908_103612.jpg,0,683,1283,4096,2169
../dataset/leaves/healthy/manan/20190908_103637.jpg,0,1266,70,1865,3666
../dataset/leaves/healthy/manan/20190908_103639.jpg,0,1513,122,2269,4057
../dataset/leaves/healthy/manan/20190908_103640.jpg,0,1279,292,1956,4109
../dataset/leaves/healthy/manan/20190908_103704.jpg,0,96,1322,3952,2052
../dataset/leaves/healthy/manan/20190908_103706.jpg,0,31,1153,3679,2612
../dataset/leaves/healthy/manan/20190908_103716.jpg,0,57,1400,3926,2221
../dataset/leaves/healthy/manan/20190908_103723.jpg,0,748,1387,4044,2221
../dataset/leaves/healthy/manan/20190908_103739.jpg,0,435,1309,3314,1999
../dataset/leaves/healthy/manan/20190908_103740.jpg,0,513,892,3392,2195
